<?xml version="1.0" encoding="UTF-8"?>
<!DOCTYPE hibernate-configuration PUBLIC
    "-//Hibernate/Hibernate Configuration DTD 3.0//EN"
    "http://www.hibernate.org/dtd/hibernate-configuration-3.0.dtd">

<hibernate-configuration>
    <session-factory>

        <!-- Connection Properties -->
        <property name="connection.driver_class">com.mysql.cj.jdbc.Driver</property>
        <property name="connection.url">jdbc:mysql://localhost:3306/jfsdexam</property>
        <property name="connection.user">root</property>
        <property name="connection.password">Leela@25</property>

        <!-- Hibernate Properties -->
        <property name="hibernate.dialect">org.hibernate.dialect.MySQL8Dialect</property>
  <property name="hibernate.auto">update</property>
  <property name="hibernate.hbm2ddl.auto">update</property>
  <property name="show_sql">true</property>

        <!-- Mapping your Entities -->
        <mapping class="com.klef.jfsd.exam.Vehicle" />
        
    </session-factory>
</hibernate-configuration>
